DateTime,PairID,PairName,Open,High,Low,Close,Volume,Spread,SMA_10,SMA_50,EMA_10,EMA_20,RSI_14,MACD,MACD_Signal,MACD_Histogram,BB_Middle,BB_Upper,BB_Lower,ATR_14,Tenkan,Kijun,Senkou_A,Senkou_B,Chikou,Signal,Return_1h,Return_5h,Vol_5h,Target,Confidence
2023-01-17 10:00:00,1,EUR/USD,1.10598,1.10598,1.10517,1.10586,4644,1.0,1.106697,1.1023552,1.1066627343296556,1.1058813523532225,53.5446784624877,0.0013275503395844,0.0016532054174353,-0.0003256550778508,1.1064805,1.1087827138087862,1.1041782861912135,0.0013614285714285,1.106625,1.103895,1.09954,1.095565,1.10812,BUY,-0.0014537639845773054,-0.0012012391730414906,0.0008446861826033428,0,0.6171306907556461
2023-01-17 11:00:00,1,EUR/USD,1.10582,1.10582,1.105,1.1054,2478,1.8,1.10654,1.1025258,1.106433146269718,1.1058355092719632,51.27843203507278,0.0011365473717559,0.0015498738082994,-0.0004133264365434,1.106492,1.108768808477325,1.104215191522675,0.0012914285714285,1.10654,1.10549,1.099715,1.095565,1.10983,BUY,-0.00041596585462910785,-0.0009309219742776875,0.0008171693180865451,1,0.635891049129488
2023-01-17 12:00:00,1,EUR/USD,1.10716,1.10736,1.10639,1.10676,1225,1.3,1.1065539999999998,1.1027028,1.1064925742206784,1.1059235560079668,57.0643614976896,0.0010824390935797,0.0014563868653554,-0.0003739477717757,1.106592,1.1087192824275662,1.1044647175724338,0.0013342857142856,1.10654,1.105635,1.0999775,1.095585,1.11099,BUY,0.0012303238646644843,-0.00043351035005967375,0.0009726889755230012,1,0.5542016104492918
2023-01-17 13:00:00,1,EUR/USD,1.10687,1.1075,1.1057,1.10712,1787,1.2,1.106654,1.1028774,1.1066066516351003,1.106037503054827,58.47027263660438,0.0010564290284151,0.0013763952979674,-0.0003199662695522,1.1066965,1.1087025883646124,1.1046904116353875,0.0013535714285713,1.10654,1.1059,1.1004825,1.09596,1.11156,BUY,0.00032527377209157216,-0.00020770307490847184,0.0009885889746887619,1,0.6082384639982655
2023-01-17 14:00:00,1,EUR/USD,1.10802,1.1085,1.1075,1.10787,1257,1.2,1.106869,1.1030676,1.1068363513378092,1.1062120265734148,61.31247517371385,0.0010838407548141,0.0013178843893367,-0.0002340436345226,1.1068515,1.108704012092525,1.1049989879074749,0.0014071428571428,1.10675,1.1059,1.1007275,1.096205,1.11154,BUY,0.0006774333405590305,0.00036118359865278116,0.0010414503758408022,0,0.5763653868026046
2023-01-17 15:00:00,1,EUR/USD,1.10697,1.1076,1.1068,1.10712,1689,1.9,1.106862,1.103246,1.106887923821844,1.1062985002330896,57.103785361575376,0.0010331366572089,0.0012609348429112,-0.0002277981857022,1.1069605,1.1085815259909946,1.1053394740090057,0.0013821428571428,1.10675,1.1059,1.1016875000000002,1.097165,1.11245,BUY,-0.0006769747353027045,0.0011393847322447304,0.0007825881636993589,0,0.5788825081195648
2023-01-17 16:00:00,1,EUR/USD,1.10678,1.10724,1.10549,1.10646,3110,1.7,1.106865,1.1034112,1.1068101194905997,1.1063138811632716,53.61592335716512,0.0009289880148433,0.0011945454772976,-0.0002655574624543,1.106925,1.1085577632375194,1.1052922367624805,0.0014328571428571,1.10675,1.10653,1.1016875000000002,1.097165,1.11102,BUY,-0.0005961413396923243,0.0009589288945179852,0.0008227708877421005,0,0.5933780813323682
2023-01-17 17:00:00,1,EUR/USD,1.10575,1.10583,1.10525,1.10556,3142,0.9,1.106697,1.1035752,1.1065828250377632,1.1062420829572457,49.20260203730789,0.0007650084458692,0.0011086380710119,-0.0003436296251427,1.1067685,1.1082848151319122,1.105252184868088,0.0014492857142856,1.10675,1.10653,1.1016875000000002,1.09756,1.11076,BUY,-0.0008134049129655541,-0.0010842459069715371,0.0006717691746451278,1,0.6551397242192277
2023-01-17 18:00:00,1,EUR/USD,1.10595,1.10711,1.1057,1.10628,2460,1.4,1.1065900000000002,1.1037594,1.106527765939988,1.1062456941041745,52.566410571093705,0.0006852522770619,0.0010239609122219,-0.00033870863516,1.1066714999999998,1.1080376205157212,1.1053053794842784,0.0015021428571428,1.10675,1.106585,1.1016875000000002,1.09776,1.11011,BUY,0.0006512536633016541,-0.0007587253414265138,0.0007489144872644459,1,0.6142988823973237
2023-01-17 19:00:00,1,EUR/USD,1.10692,1.10784,1.10647,1.10656,4903,1.4,1.106499,1.103943,1.1065336266781718,1.1062756279990151,53.84639424510356,0.0006372922897963,0.0009466271877368,-0.0003093348979404,1.106664,1.108030877348019,1.1052971226519808,0.0014992857142856,1.10675,1.10662,1.1017375,1.09781,1.11094,BUY,0.0002531004808909998,-0.0011824492043289725,0.0006488440374340854,1,0.7092191753502947
2023-01-17 20:00:00,1,EUR/USD,1.10695,1.10709,1.10644,1.10681,4534,1.0,1.106594,1.1040922,1.1065838763730496,1.1063265205705377,55.0136485051403,0.0006123972309437,0.0008797811963782,-0.0002673839654344,1.1066455,1.1079928478823622,1.1052981521176375,0.0014135714285713,1.106875,1.1069300000000002,1.102665,1.09781,1.11169,BUY,0.00022592539039911763,-0.0002800057807644807,0.0006206141189944135,0,0.7310585619769882
2023-01-17 21:00:00,1,EUR/USD,1.10648,1.10685,1.10545,1.10613,4763,1.5,1.106667,1.1042492,1.1065013533961314,1.1063078043257244,51.2191982757662,0.0005316686551366,0.0008101586881299,-0.0002784900329932,1.1066035,1.1079605909290793,1.1052464090709204,0.0013957142857142,1.106875,1.107005,1.1028224999999998,1.09781,1.11016,BUY,-0.0006143782582376245,-0.0002982484680873476,0.0006246238834871484,0,0.6983495181562493
2023-01-17 22:00:00,1,EUR/USD,1.10599,1.10649,1.10552,1.10612,4220,1.3,1.1066030000000002,1.1044064,1.1064320164150163,1.1062899181994648,51.1633055143297,0.0004615631481066,0.0007404395801252,-0.0002788764320186,1.1065785,1.1079526259424006,1.1052043740575992,0.0013635714285713,1.106875,1.107005,1.1036700000000002,1.09861,1.10949,BUY,-9.04052869021843e-06,0.000506530627012447,0.00046513285233029916,1,0.7444137081210436
2023-01-17 23:00:00,1,EUR/USD,1.10732,1.10732,1.10681,1.10706,1806,1.8,1.106597,1.1045792,1.10654619524865,1.1063632593233257,56.02106511613957,0.0004763629571504,0.0006876242555302,-0.0002112612983798,1.1066255,1.1079978966743969,1.1052531033256032,0.0014042857142856,1.106545,1.10677,1.10467,1.099525,1.11044,BUY,0.000849817379669382,0.0007050656253388965,0.0005280410388183875,1,0.7199633629258411
2023-01-18 00:00:00,1,EUR/USD,1.1074,1.10764,1.1074,1.10762,4227,1.0,1.106572,1.104745,1.1067414324761682,1.1064829489115802,58.65929066818278,0.0005272019761206,0.0006555397996483,-0.0001283378235277,1.1067205000000002,1.1080920220129102,1.1053489779870902,0.0012814285714285,1.106545,1.10675,1.1047175,1.099525,1.10989,BUY,0.0005058443083483244,0.0009579236552921255,0.0005529546558024974,1,0.658228920568284
2023-01-18 01:00:00,1,EUR/USD,1.10775,1.10822,1.10731,1.10808,2591,1.8,1.1066680000000002,1.104938,1.106984808389592,1.1066350490152392,60.74254991191469,0.0005977202733067,0.00064397589438,-4.625562107330892e-05,1.106765,1.1082534325914415,1.1052765674085585,0.0012849999999999,1.106735,1.10675,1.1050325,1.099525,1.10958,BUY,0.0004153048879578236,0.0011474417470025422,0.0005622978265035878,0,0.6335858735568161
2023-01-18 02:00:00,1,EUR/USD,1.10742,1.10803,1.10717,1.10755,5064,1.1,1.106777,1.1051118,1.1070875705005754,1.106722187204264,57.1679852267738,0.0006038788221183,0.0006359564799276,-3.207765780937873e-05,1.1068209999999998,1.108340319792505,1.1053016802074946,0.0012099999999999,1.106835,1.10675,1.1050325,1.099525,1.10921,BUY,-0.0004783048155366787,0.0012837550739968062,0.0005123150220917756,1,0.6049284188837323
2023-01-18 03:00:00,1,EUR/USD,1.10826,1.10885,1.10716,1.10824,2164,1.1,1.1070449999999998,1.1053024,1.1072971031368342,1.106866740803858,60.43254331449213,0.0006568648210778,0.0006401381481577,1.6726672920122296e-05,1.1068710000000002,1.1085095217986132,1.1052324782013871,0.0012021428571428,1.10715,1.106925,1.10511,1.099525,1.1106,BUY,0.0006229967044375506,0.0019166094094671404,0.000508305300123186,0,0.5779561134309403
2023-01-18 04:00:00,1,EUR/USD,1.10746,1.10784,1.10625,1.10709,2176,0.9,1.107126,1.105468,1.107259448021046,1.1068880035844428,53.160159037126064,0.0005991545374013,0.0006319414260064,-3.278688860511444e-05,1.106858,1.1084846025297517,1.1052313974702488,0.0012457142857142,1.10715,1.106925,1.1051275,1.099525,1.11046,BUY,-0.0010376813686565622,2.7098802232838892e-05,0.0007283338920930073,1,0.5872592368034906
2023-01-18 05:00:00,1,EUR/USD,1.1094,1.1094,1.10828,1.10879,2145,1.2,1.107349,1.1056412,1.1075377301990377,1.1070691461002102,60.69084660494398,0.0006827244913594,0.000642098039077,4.062645228237625e-05,1.106924,1.108750050094518,1.105097949905482,0.0013342857142856,1.107425,1.1072,1.1053350000000002,1.1001,1.10951,BUY,0.0015355571814397173,0.001056318954153923,0.0010000347665721698,0,0.5317647481171057
2023-01-18 06:00:00,1,EUR/USD,1.10879,1.10892,1.10853,1.10862,5211,1.0,1.10753,1.1058232,1.1077345065264854,1.1072168464716188,59.65790739861254,0.0007268579368668,0.000659050018635,6.78079182318738e-05,1.1070620000000002,1.108965023632983,1.105158976367017,0.0012371428571428,1.10746,1.1072,1.1055275,1.10138,1.10998,BUY,-0.00015332028607761838,0.0004873294346978696,0.0010034008887305562,1,0.6193473273370226
2023-01-18 07:00:00,1,EUR/USD,1.11013,1.11107,1.10995,1.11023,2289,1.1,1.10794,1.1060054,1.108188232612579,1.1075038134743218,65.62488367326824,0.0008815851897643,0.0007035570528608,0.0001780281369034,1.1073035,1.109518741700086,1.105088258299914,0.0013257142857142,1.10866,1.108035,1.1055275,1.10138,1.10895,SELL,0.0014522559578575844,0.0024197553157871976,0.001093652540459368,1,0.5328032440043436
2023-01-18 08:00:00,1,EUR/USD,1.11035,1.11063,1.11035,1.11061,2656,1.7,1.108389,1.1061804,1.1086285539557463,1.1077996407624815,66.87040871390045,0.0010230770808974,0.0007674610584681,0.0002556160224292,1.107496,1.1101400033442754,1.1048519966557246,0.0012435714285713,1.10866,1.108035,1.10541,1.10138,1.10816,SELL,0.00034227142123710586,0.0021385259510577903,0.0010919349279835924,0,0.5361858892928713
2023-01-18 09:00:00,1,EUR/USD,1.10921,1.10994,1.10864,1.10958,1299,1.1,1.108641,1.1063546,1.1088015441456105,1.1079691987851024,60.47424386168202,0.0010401083109203,0.0008219905089586,0.0002181178019617,1.107619,1.110413926983382,1.1048240730166183,0.0012728571428571,1.10866,1.108035,1.105295,1.10138,1.10864,SELL,-0.0009274182656379137,0.0022491396363439886,0.0010554422303569579,0,0.5107651214315815
2023-01-18 10:00:00,1,EUR/USD,1.10915,1.11029,1.10898,1.10949,3306,1.5,1.108828,1.1065344,1.1089267179373177,1.108114036996045,59.93478418384618,0.0010344192938622,0.0008644762659393,0.0001699430279229,1.1077,1.1106167970898726,1.1047832029101272,0.0013199999999999,1.10866,1.108035,1.105295,1.10138,1.10977,BUY,-8.111177202174691e-05,0.0006313188250255397,0.0008712536815956125,1,0.6377735309904544
2023-01-18 11:00:00,1,EUR/USD,1.10963,1.10963,1.10946,1.10957,1985,1.5,1.108977,1.1067378,1.1090436783123507,1.1082527001392788,60.27400494536014,0.0010245555990862,0.0008964921325687,0.0001280634665174,1.1078225,1.110840759345056,1.104804240654944,0.0012321428571428,1.10866,1.108035,1.105295,1.10187,1.11021,BUY,7.210520148892563e-05,0.0008569212173692442,0.0008588963874029138,0,0.6293707242570056
2023-01-18 12:00:00,1,EUR/USD,1.10774,1.10858,1.10767,1.10812,4489,1.2,1.109034,1.1068592,1.1088757368010145,1.1082400620307762,51.72549007446426,0.000889482270141,0.0008950901600831,-5.6078899421241465e-06,1.1079055,1.110856549590323,1.1049544504096769,0.0012985714285714,1.10866,1.108035,1.10526,1.102005,1.10908,BUY,-0.0013068125490054427,-0.0019005071021320763,0.0007025057586781603,1,0.6373413081883581
2023-01-18 13:00:00,1,EUR/USD,1.10976,1.11019,1.10898,1.10983,3423,1.5,1.109193,1.1070026,1.1090492392008298,1.1083914846945118,59.093713737935154,0.000909929294242,0.0008980579869149,1.1871307327083048e-05,1.108119,1.1109717726126147,1.105266227387385,0.0013607142857142,1.10937,1.10816,1.106015,1.102355,1.10863,BUY,0.0015431541710284602,-0.000702316744851883,0.0011026041279098605,1,0.54953679697266
2023-01-18 14:00:00,1,EUR/USD,1.11098,1.11164,1.11086,1.11099,1386,1.3,1.109583,1.1071544,1.1094021048006788,1.1086389623426536,63.19736148440799,0.0010081150903982,0.0009200694076116,8.804568278660192e-05,1.1083545,1.111342493341838,1.1053665066581624,0.0014485714285714,1.109655,1.108445,1.1060875,1.102735,1.1083,BUY,0.0010452051215048552,0.0012707510950087375,0.0011033408540752064,1,0.5318392247825352
2023-01-18 15:00:00,1,EUR/USD,1.11143,1.11162,1.11128,1.11156,3678,1.6,1.10986,1.1072833999999998,1.1097944493823737,1.108917156405258,65.05258301307654,0.0011190228783795,0.0009598601017651,0.0001591627766143,1.1086045,1.1117904393393516,1.1054185606606484,0.0014285714285714,1.109655,1.108445,1.10622,1.10284,1.1094,SELL,0.0005130559230956955,0.0018657220885271997,0.0010900737896068467,0,0.5011807192900293
2023-01-18 16:00:00,1,EUR/USD,1.11141,1.11163,1.11141,1.11154,2791,1.1,1.110152,1.1074474,1.110111822221942,1.1091669510333286,64.92889782435059,0.0011915686053916,0.0010062018024904,0.0001853668029011,1.108841,1.1121652895561274,1.1055167104438726,0.0013792857142856,1.109655,1.108445,1.106325,1.10284,1.11062,BUY,-1.799273093683329e-05,0.0017754625665797885,0.0010970208664486045,1,0.5144522159780349
2023-01-18 17:00:00,1,EUR/USD,1.11246,1.11339,1.11218,1.11245,2854,1.5,1.110374,1.107593,1.110536945454316,1.1094796223634875,67.91766745822372,0.0013074198888867,0.0010664454197697,0.0002409744691169,1.1091570000000002,1.1125957886484592,1.1057182113515411,0.0013907142857142,1.11053,1.10932,1.106325,1.10284,1.11055,BUY,0.000818683987980684,0.003907519041258967,0.0005835848583397096,0,0.5259717076679068
2023-01-18 18:00:00,1,EUR/USD,1.1111,1.1114,1.11074,1.11102,3453,1.7,1.110415,1.1077182,1.1106247735535313,1.1096263249955367,59.35720915127999,0.0012692131179625,0.0011069989594082,0.0001622141585542,1.109402,1.112620921689395,1.106183078310605,0.0013707142857142,1.11053,1.10932,1.10664,1.10284,1.10987,BUY,-0.0012854510315071233,0.0010722362884403314,0.0009284598397065338,0,0.6095844965591123
2023-01-18 19:00:00,1,EUR/USD,1.11132,1.11132,1.11027,1.11076,2564,1.5,1.110533,1.1078328,1.110649360180162,1.1097342940435808,57.92758126837567,0.0012040743302816,0.0011264140335829,7.766029669871574e-05,1.109587,1.1126612263040927,1.106512773695907,0.0012807142857142,1.11053,1.10942,1.10664,1.10284,1.11056,BUY,-0.00023401918957344225,-0.0002070225654595692,0.000811245729163277,0,0.6058613223535131
2023-01-18 20:00:00,1,EUR/USD,1.11027,1.11027,1.10983,1.11011,3096,1.0,1.110595,1.1079396,1.1105512946928595,1.1097700755632398,54.40003738846613,0.0010874661709272,0.0011186244610518,-3.1158290124576804e-05,1.1097115,1.1126489552180845,1.1067740447819157,0.0013192857142856,1.11053,1.10942,1.1066675,1.10284,1.11156,BUY,-0.0005851849184342894,-0.0013044729929110321,0.0007713775945409342,1,0.5671078858621356
2023-01-18 21:00:00,1,EUR/USD,1.11099,1.11172,1.11056,1.11094,7016,0.9,1.110732,1.1080596,1.1106219683850669,1.1098814969381694,57.923537431301,0.0010499245512516,0.0011048844790917,-5.495992784015631e-05,1.1098545,1.112735453606806,1.106973546393194,0.0012592857142857,1.111185,1.10942,1.106685,1.10284,1.11155,BUY,0.000747673653962222,-0.0005397916404267233,0.0008973429180197797,1,0.5643256994996606
2023-01-18 22:00:00,1,EUR/USD,1.11248,1.11248,1.1111,1.11169,2012,1.9,1.111089,1.10815,1.1108161559514182,1.1100537353250104,60.866130230888736,0.0010683757090412,0.0010975827250816,-2.9207016040408863e-05,1.1100615,1.112838315859244,1.107284684140756,0.0013407142857142,1.1116100000000002,1.10942,1.1069025,1.1031,1.11164,BUY,0.0006751039660108926,-0.0006831767719895909,0.000861884648847492,0,0.5730607410326846
2023-01-18 23:00:00,1,EUR/USD,1.11087,1.11087,1.1098,1.11016,2048,1.1,1.111122,1.1081794,1.110696854869342,1.1100638557702474,52.760030918555415,0.0009486052405398,0.0010677872281733,-0.0001191819876334,1.1101575,1.112798607224022,1.1075163927759777,0.0013349999999999,1.111595,1.109455,1.10694,1.10327,1.11242,BUY,-0.0013762829565796553,-0.0007740634732046336,0.0008925702251107231,0,0.6166418482004484
2023-01-19 00:00:00,1,EUR/USD,1.10923,1.11044,1.10838,1.10949,2264,1.3,1.1109719999999998,1.1082048,1.1104774267112798,1.1100092028397477,49.642178996676805,0.0007905103693148,0.0010123318564016,-0.0002218214870867,1.1102775,1.112519743941925,1.108035256058075,0.0013885714285714,1.110885,1.10982,1.10694,1.10327,1.11431,BUY,-0.000603516610218291,-0.0011433613021714084,0.0009157896070178729,1,0.5872726549482741
2023-01-19 01:00:00,1,EUR/USD,1.1107,1.11082,1.11044,1.11044,2956,0.9,1.11086,1.1082794,1.1104706218546834,1.110050231140724,53.81019059783807,0.0007334216768242,0.0009565498204861,-0.0002231281436619,1.11036,1.1124904311400436,1.1082295688599564,0.0014714285714285,1.110885,1.10982,1.1066575,1.10344,1.11475,BUY,0.0008562492676815747,0.00029726783832240145,0.000998551919485121,0,0.5962453774016305
2023-01-19 02:00:00,1,EUR/USD,1.11016,1.11069,1.1092,1.10989,2592,0.9,1.110695,1.1083336,1.110365054244741,1.1100349710320836,51.16961187228343,0.0006364613430858,0.000892532125006,-0.0002560707819202,1.1104235,1.1124061433711605,1.1084408566288395,0.0014421428571428,1.11043,1.10982,1.1066475,1.103535,1.11434,BUY,-0.0004952991606931301,-0.0009451455524150942,0.0009373507075636316,0,0.6124223590988659
2023-01-19 03:00:00,1,EUR/USD,1.10963,1.10988,1.10901,1.10958,3237,1.6,1.110408,1.1083858,1.1102223171093335,1.1099916404575991,49.6895364929862,0.0005285128041958,0.000819728260844,-0.0002912154566481,1.110391,1.11240801081602,1.10837398918398,0.0013571428571428,1.11043,1.10982,1.1067425,1.103535,1.11603,BUY,-0.0002793069583472141,-0.001898011136198141,0.0008053390531001259,0,0.6046796337006832
2023-01-19 04:00:00,1,EUR/USD,1.10894,1.10955,1.10861,1.10921,13023,1.2,1.110227,1.1084376,1.110038259453091,1.1099171985092566,47.908357835659466,0.0004083991306584,0.0007374624348069,-0.0003290633041484,1.110321,1.1124021626306224,1.1082398373693778,0.0012971428571428,1.11043,1.10982,1.1067925,1.103535,1.11622,BUY,-0.0003334595072008728,-0.0008557325070259747,0.0005885586394374932,1,0.679639521032271
2023-01-19 05:00:00,1,EUR/USD,1.11037,1.11118,1.11034,1.1106,4928,1.9,1.110211,1.1085272000000002,1.1101403940979837,1.109982227222661,54.50605459167389,0.0004205220459139,0.0006740743570283,-0.0002535523111144,1.110372,1.1124265261972288,1.108317473802771,0.0013928571428571,1.11043,1.10982,1.1070375,1.103635,1.11517,BUY,0.0012531441296057544,0.001000459670659426,0.0007964813926677912,0,0.5031854614184981
2023-01-19 06:00:00,1,EUR/USD,1.10972,1.11064,1.10972,1.11046,2657,1.5,1.110246,1.108622,1.1101985042619864,1.1100277293919314,53.76739455657952,0.000414059691246,0.0006220714238718,-0.0002080117326257,1.1104205,1.1124327202977504,1.1084082797022496,0.0014428571428571,1.11043,1.11053,1.1070375,1.103635,1.11439,BUY,-0.00012605798667386647,1.8010878570562383e-05,0.00071075969006158,0,0.6465746131564808
2023-01-19 07:00:00,1,EUR/USD,1.10965,1.11029,1.1095,1.10951,4552,1.8,1.110103,1.1086684,1.1100733216688978,1.109978421830795,48.92248197418677,0.0003284944881161,0.0005633560367207,-0.0002348615486046,1.1104175,1.1124352306169232,1.108399769383077,0.0013792857142857,1.10978,1.11053,1.1073125,1.103935,1.1122,BUY,-0.0008555013237757647,-0.00034237627152244876,0.0007880466320765208,1,0.568893927826124
2023-01-19 08:00:00,1,EUR/USD,1.1096,1.11031,1.10884,1.10998,3777,1.0,1.109932,1.1087394000000002,1.1100563540927344,1.1099785721326243,51.26233808474987,0.0002952055741183,0.0005097259442002,-0.0002145203700819,1.1105105,1.1122320840320217,1.1087889159679785,0.0013621428571428,1.10978,1.11053,1.10733,1.10409,1.11296,BUY,0.00042361042261895854,0.0003604967645414181,0.0008035256413631408,0,0.578149855535359
2023-01-19 09:00:00,1,EUR/USD,1.10899,1.10952,1.10854,1.10895,7131,1.0,1.109811,1.1087736,1.1098551988031462,1.109880612881898,46.26085943504311,0.0001835951078907,0.0004444997769383,-0.0002609046690475,1.1104665,1.1123024942094697,1.1086305057905304,0.0013899999999999,1.10986,1.11053,1.1083475,1.1049250000000002,1.11331,BUY,-0.0009279446476512243,-0.00023440106021399565,0.0009148546254215123,0,0.6222331387915426
2023-01-19 10:00:00,1,EUR/USD,1.10806,1.10886,1.10804,1.10816,10030,1.1,1.1096780000000002,1.1087898,1.1095469808389378,1.109716744988384,42.81078931510941,3.1038815457407054e-05,0.0003618075846421,-0.0003307687691847,1.110325,1.112410392806705,1.108239607193295,0.0013885714285714,1.10961,1.11053,1.1083475,1.1049250000000002,1.11218,BUY,-0.0007123855899725529,-0.002197010624887419,0.0005764779259349628,1,0.6469117287768839
2023-01-19 11:00:00,1,EUR/USD,1.1084,1.10872,1.10831,1.10864,2102,2.0,1.109498,1.1088132,1.1093820752318582,1.1096141978466332,45.47171992630203,-5.0548465684974175e-05,0.0002793363745767,-0.0003298848402617,1.110179,1.112308728423592,1.108049271576408,0.0013135714285714,1.10961,1.11053,1.1083475,1.1049250000000002,1.11377,BUY,0.0004331504475887371,-0.0016389604308123529,0.0006946602707691171,1,0.6564719714813304
2023-01-19 12:00:00,1,EUR/USD,1.10915,1.11093,1.10889,1.10977,7596,1.6,1.109486,1.1088914,1.1094526070078838,1.109629036146954,51.22527695688426,-2.3751623666523614e-05,0.000218718774928,-0.0002424703985946,1.1100905,1.112127168848969,1.1080538311510313,0.0013671428571428,1.10961,1.11053,1.1083475,1.1049250000000002,1.1142,BUY,0.0010192668494730661,0.0002343376805977737,0.0008311789590888321,1,0.5779920632013567
2023-01-19 13:00:00,1,EUR/USD,1.11054,1.11054,1.10949,1.11021,2642,1.6,1.109549,1.1089876,1.1095903148246322,1.1096843660377202,53.2919167121604,3.261344200233829e-05,0.0001814977083429,-0.0001488842663405,1.1099785,1.111689101925559,1.108267898074441,0.0013071428571428,1.10961,1.11053,1.1083475,1.1049250000000002,1.11536,BUY,0.00039647854960933593,0.00020721094073761215,0.0008281898991522158,0,0.5801670670936603
2023-01-19 14:00:00,1,EUR/USD,1.10917,1.10917,1.10857,1.10908,1905,1.6,1.109536,1.109034,1.1094975303110628,1.109626807367461,47.70184918861921,-1.3740007311247028e-05,0.000142450165212,-0.0001561901725233,1.1098815,1.111563206839819,1.108199793160181,0.0012771428571428,1.1094849999999998,1.110715,1.1083475,1.1049250000000002,1.11577,BUY,-0.0010178254564450206,0.00011722800847646653,0.0008550386150939621,0,0.5774524644705896
2023-01-19 15:00:00,1,EUR/USD,1.10858,1.10889,1.10792,1.10863,3256,1.4,1.109339,1.1090642000000002,1.109339797527233,1.109531873332465,45.64832467720708,-8.579766694638558e-05,9.680059878040224e-05,-0.0001825982657267,1.109775,1.1114918698569252,1.1080581301430747,0.0012649999999999,1.109425,1.110655,1.108765,1.10652,1.11591,BUY,-0.0004057416958199722,0.00042412647993073094,0.0007981437127545899,0,0.6269449525541847
2023-01-19 16:00:00,1,EUR/USD,1.10793,1.10832,1.10684,1.1083,6198,1.1,1.109123,1.1090728,1.1091507434313723,1.1094145520627063,44.14740879071312,-0.0001676001334192,4.3920452340479777e-05,-0.0002115205857596,1.1096845,1.1115141329802611,1.1078548670197388,0.0012864285714285,1.108885,1.110115,1.10905,1.10695,1.1181,BUY,-0.0002976646852420606,-0.0003066820609034515,0.0007852762262856028,1,0.622419845177893
2023-01-19 17:00:00,1,EUR/USD,1.10952,1.11009,1.10933,1.1094,3530,1.4,1.109112,1.1091184,1.1091960628074864,1.1094131661519724,50.0437554798447,-0.0001420311241493,6.730137042514945e-06,-0.0001487612611918,1.1096075,1.1113417964599168,1.1078732035400831,0.0013514285714285,1.108885,1.110115,1.10905,1.107215,1.11756,BUY,0.0009925110529638292,-0.0003334024167169769,0.0007761114124878513,1,0.5849364000982421
2023-01-19 18:00:00,1,EUR/USD,1.11055,1.11096,1.10988,1.11062,1998,1.3,1.1091760000000002,1.1092016,1.1094549604788524,1.1095281027089274,55.63755449167934,-2.3057898947520528e-05,7.725298445078505e-07,-2.3830428792028377e-05,1.109554,1.1110700947062262,1.1080379052937737,0.0013935714285714,1.1089,1.110115,1.10905,1.107215,1.11719,BUY,0.0010996935280331854,0.00036929950189601435,0.0009295266455198556,0,0.5808066706073576
2023-01-19 19:00:00,1,EUR/USD,1.11071,1.11071,1.11002,1.11055,3047,0.9,1.109336,1.1093014,1.1096540585736063,1.109625426260458,55.25524066621559,6.483346437513582e-05,1.3584716750633445e-05,5.124874762450237e-05,1.1095735000000002,1.1111318564217454,1.108015143578255,0.0013021428571428,1.1089,1.10966,1.109925,1.10809,1.1177,BUY,-6.302785831335811e-05,0.001325422873011739,0.0007245815595223606,0,0.5662144643812197
2023-01-19 20:00:00,1,EUR/USD,1.10971,1.10999,1.10921,1.10987,1166,1.1,1.109507,1.1093732,1.1096933206511326,1.1096487189975577,51.549568497507664,7.871036197149017e-05,2.660984579480479e-05,5.2100516176685385e-05,1.1095925000000002,1.1111558280964646,1.1080291719035358,0.0013321428571428,1.1089,1.10966,1.109925,1.10872,1.11813,BUY,-0.0006123092161541832,0.0011184976051521467,0.0007764310025316272,1,0.5702829359670257
2023-01-19 21:00:00,1,EUR/USD,1.1105,1.11126,1.10974,1.11056,2188,1.4,1.1096989999999998,1.1094532,1.109850898714563,1.1097355076644568,54.85782701587662,0.0001437283260483,5.003354184551675e-05,9.369478420284786e-05,1.1095985000000002,1.1111763769881795,1.1080206230118206,0.0013721428571428,1.10905,1.10966,1.109975,1.10872,1.11797,BUY,0.0006216944326813412,0.0020391590724533337,0.0007294957410073652,1,0.547205836738195
2023-01-19 22:00:00,1,EUR/USD,1.11118,1.11227,1.11118,1.11156,2695,1.8,1.109878,1.1095482,1.1101616444028242,1.1099092688392704,59.205338664266165,0.0002728024765239,9.458732878120298e-05,0.0001782151477427,1.109682,1.1114854539961263,1.1078785460038738,0.0013892857142856,1.109555,1.10966,1.109975,1.108775,1.1167,BUY,0.0009004466215243312,0.0019469983775015631,0.0007119969309973454,0,0.593002182699357
2023-01-19 23:00:00,1,EUR/USD,1.11202,1.11202,1.11071,1.11155,3667,1.7,1.1100119999999998,1.1096566,1.1104140726932197,1.110065528949816,59.14399106674613,0.0003700223667653,0.000149674336378,0.0002203480303872,1.1097804999999998,1.111766455689424,1.1077945443105757,0.0013799999999999,1.109555,1.10966,1.1103025,1.10881,1.116,BUY,-8.996365468361134e-06,0.0008373701175921067,0.0005991451802022673,1,0.6504831597417357
2023-01-20 00:00:00,1,EUR/USD,1.11136,1.11243,1.11136,1.11164,6013,1.0,1.110268,1.109767,1.1106369685671795,1.110215478573643,59.55018172045884,0.0004491545045126,0.0002095703700049,0.0002395841345077,1.109902,1.1120330298968832,1.1077709701031166,0.0013914285714285,1.109635,1.109635,1.110515,1.10912,1.11542,BUY,8.096801763302075e-05,0.0009814956553060306,0.0005886594511727133,1,0.6252240136564255
2023-01-20 01:00:00,1,EUR/USD,1.11254,1.11254,1.11235,1.11242,3324,1.7,1.1106470000000002,1.1098742,1.1109611561004196,1.110425432995201,62.984933340110295,0.0005682562705024,0.0002813075501044,0.000286948720398,1.109993,1.1123885493821803,1.1075974506178197,0.0014157142857142,1.110875,1.10969,1.110525,1.1091950000000002,1.11369,BUY,0.000701666006980739,0.0022975663816482417,0.0004006744456319014,1,0.5381386569797474
2023-01-20 02:00:00,1,EUR/USD,1.11462,1.11491,1.1142,1.11431,1778,1.4,1.111248,1.110008,1.111570036809434,1.1107953917575628,69.6990284843589,0.0008058629957594,0.0003862186392354,0.000419644356524,1.1101855,1.1132612419302366,1.1071097580697635,0.00143,1.11206,1.110875,1.1103525,1.1091950000000002,1.11315,SELL,0.00169899857967315,0.00337667483071602,0.0006929708931877173,1,0.5205756598471373
2023-01-20 03:00:00,1,EUR/USD,1.11454,1.1153,1.11423,1.11475,1800,1.1,1.111783,1.1101414,1.1121482119349917,1.1111720211139855,71.0170574642953,0.0010179382022057,0.0005125625518295,0.0005053756503762,1.1104475,1.1141164701696296,1.1067785298303705,0.0014314285714285,1.112255,1.11107,1.1103525,1.1091950000000002,1.11335,SELL,0.00039486318887926863,0.002869840584403649,0.0006886534792472141,0,0.5278570572026027
2023-01-20 04:00:00,1,EUR/USD,1.11464,1.11512,1.11433,1.11434,1893,1.8,1.112155,1.1102772,1.112546718855902,1.111473733388844,68.04679206937354,0.0011397870026725,0.0006380074419981,0.0005017795606744,1.1106655,1.1147158123986538,1.1066151876013464,0.0013707142857142,1.112255,1.11107,1.110125,1.1091950000000002,1.11332,SELL,-0.00036779546983611855,0.0025100085466240873,0.000777489897373544,1,0.5800492983189391
2023-01-20 05:00:00,1,EUR/USD,1.11634,1.11665,1.1157,1.11603,1721,1.1,1.112703,1.110433,1.1131800427002834,1.1119076635422875,73.05027764940623,0.0013570783762275,0.000781821628844,0.0005752567473835,1.1110194999999998,1.1156364594688732,1.1064025405311264,0.0014528571428571,1.113195,1.111745,1.110125,1.1091950000000002,1.11365,SELL,0.0015165927813773905,0.0039491202187760255,0.0008453749745924306,1,0.5574426709938661
2023-01-20 06:00:00,1,EUR/USD,1.11592,1.11653,1.11557,1.11622,4018,1.1,1.1133380000000002,1.1106156,1.1137327622093227,1.112318362252546,73.55169776921596,0.0015270123198818,0.0009308597670515,0.0005961525528302,1.1114225,1.1163828220396692,1.1064621779603308,0.0013935714285714,1.11368,1.111745,1.110125,1.1091950000000002,1.11356,SELL,0.00017024631954321023,0.003415975980295194,0.0008912406296513199,0,0.5861709297074945
2023-01-20 07:00:00,1,EUR/USD,1.11552,1.11602,1.11482,1.11517,3899,1.7,1.113799,1.1107432,1.1139940781712638,1.1125899467999223,66.21910207417432,0.0015589889159655,0.0010564855968343,0.0005025033191311,1.111749,1.1167970257735989,1.1067009742264011,0.0013657142857142,1.11368,1.111745,1.110125,1.1091950000000002,1.11285,BUY,-0.0009406747773735846,0.0007717780509912675,0.000919989048556707,0,0.520290810627837
2023-01-20 08:00:00,1,EUR/USD,1.11421,1.11471,1.11421,1.11439,1800,0.8,1.114082,1.1108586,1.1140660639583069,1.1127613804380247,61.327924448769615,0.0015040533269603,0.0011459991428595,0.0003580541841007,1.11198,1.1170693779994658,1.106890622000534,0.0013228571428571,1.114005,1.111745,1.11048,1.1091950000000002,1.11329,BUY,-0.0006994449276791492,-0.00032294236375862706,0.0009769576828174218,0,0.5681264290618011
2023-01-20 09:00:00,1,EUR/USD,1.11202,1.11239,1.11193,1.1122,3082,1.6,1.114147,1.110898,1.1137267796022507,1.1127079156344033,50.13159841844307,0.0012691715597688,0.0011706336262414,9.853793352738832e-05,1.1120795,1.1171005272591612,1.107058472740839,0.0014492857142857,1.11429,1.111745,1.110155,1.1091950000000002,1.11173,BUY,-0.001965200692755631,-0.0019204192616257831,0.001306620582169182,1,0.6103769710498695
2023-01-20 10:00:00,1,EUR/USD,1.1132,1.1132,1.11277,1.11296,3524,1.1,1.114279,1.110945,1.1135873651291142,1.112731923669222,53.3167606916872,0.0011313106702621,0.0011627690350455,-3.145836478338909e-05,1.1122735,1.117102719289675,1.1074442807103249,0.0014249999999999,1.11429,1.111745,1.110155,1.1091950000000002,1.10983,BUY,0.0006833303362703269,-0.002750822110516804,0.0010268412048503326,1,0.6372656021936745
2023-01-20 11:00:00,1,EUR/USD,1.1137,1.1137,1.11324,1.11331,1986,1.8,1.1143680000000002,1.1110196,1.1135369351056388,1.1127869785578677,54.7501413835533,0.0010383278004748,0.0011378807881314,-9.955298765656496e-05,1.1125075,1.1170376463901506,1.1079773536098494,0.0013692857142857,1.11429,1.111745,1.110195,1.1091950000000002,1.1095,BUY,0.00031447671075346406,-0.0026070129544354392,0.0010538164903838596,0,0.6469748605554675
2023-01-20 12:00:00,1,EUR/USD,1.11213,1.11231,1.11213,1.11218,3522,1.2,1.1141549999999998,1.1110734,1.113290219631886,1.112729171076166,49.46896937430829,0.0008635027281289,0.0010830051761309,-0.0002195024480019,1.1127015,1.1167830903763616,1.1086199096236384,0.0013314285714285,1.11429,1.111745,1.11007,1.1091950000000002,1.10983,BUY,-0.0010149913321537696,-0.0026812055561036274,0.0010617012286429648,1,0.6160044316042947
2023-01-20 13:00:00,1,EUR/USD,1.11422,1.11444,1.11338,1.11377,4084,0.8,1.114057,1.1111574,1.1133774524260889,1.1128282976403403,55.91300845070855,0.000843528637509,0.0010351098684065,-0.0001915812308975,1.11292,1.1167152602019377,1.1091247397980626,0.0013992857142857,1.11429,1.111745,1.11007,1.1091950000000002,1.10861,BUY,0.0014296247010376906,-0.0005563581869902912,0.0013638892108885747,1,0.5533213895674101
2023-01-20 14:00:00,1,EUR/USD,1.11454,1.11481,1.11308,1.1142,3376,1.5,1.114043,1.111279,1.113527006530436,1.1129589359603085,57.49180998025773,0.0008525685535474,0.0009986016054347,-0.0001460330518872,1.1130989999999998,1.1167732798793766,1.109424720120623,0.0014464285714285,1.11423,1.111745,1.11007,1.1091950000000002,1.10739,BUY,0.0003860761198453133,0.0017982377270275851,0.0008862833300752954,1,0.5429935282461508
2023-01-20 15:00:00,1,EUR/USD,1.11491,1.11635,1.11491,1.11536,2260,1.5,1.113976,1.1113896,1.1138602780703568,1.113187608725993,61.49752978749496,0.0009424708404317,0.0009873754524341,-4.49046120023788e-05,1.1133395,1.1169402161568949,1.109738783843105,0.0015357142857142,1.11414,1.111745,1.11007,1.1091950000000002,1.10713,BUY,0.0010411057260812928,0.0021564117308798814,0.0009321972325256975,1,0.517243237647833
2023-01-20 16:00:00,1,EUR/USD,1.11607,1.11695,1.11543,1.11577,2216,1.3,1.113931,1.1114852,1.1142075002393828,1.113433550752089,62.83074742188576,0.0010348732493532,0.0009968750118179,3.799823753529615e-05,1.1136345,1.1169972649964688,1.110271735003531,0.0014714285714285,1.11444,1.111895,1.1101,1.1091950000000002,1.10758,SELL,0.00036759431932287256,0.0022096271478742047,0.0009308353209688846,1,0.5097606297605651
2023-01-20 17:00:00,1,EUR/USD,1.1161,1.11658,1.11526,1.11591,2751,1.0,1.114005,1.1115722,1.114517045650404,1.1136694030614138,63.29808041137366,0.0011066429629029,0.0010188286020349,8.781436086801177e-05,1.113902,1.1170811465257215,1.1107228534742783,0.0014892857142857,1.11444,1.111895,1.11004,1.10932,1.10895,BUY,0.00012547388798767045,0.003353773669729776,0.0005439025177618624,1,0.5431755450431843
